{"cameraMode":{"drawMode":0,"name":"Shaded","section":"Shading Mode"},"sceneLighting":true,"audioPlay":false,"sceneViewState":{"showFog":true,"showMaterialUpdate":false,"showSkybox":true,"showFlares":true,"showImageEffects":true,"showParticleSystems":true},"in2DMode":false,"pivot":{"x":1.64017653465271,"y":0.831886887550354,"z":-0.37719684839248659},"rotation":{"x":0.15205791592597962,"y":0.7797634601593018,"z":-0.2077665477991104,"w":0.5706854462623596},"size":2.1538615226745607,"orthographic":false}