{"cameraMode":{"drawMode":0,"name":"Shaded","section":"Shading Mode"},"sceneLighting":true,"audioPlay":false,"sceneViewState":{"showFog":true,"showMaterialUpdate":false,"showSkybox":true,"showFlares":true,"showImageEffects":true,"showParticleSystems":true},"in2DMode":false,"pivot":{"x":22.199974060058595,"y":6.378937244415283,"z":-0.692326545715332},"rotation":{"x":0.10059357434511185,"y":-0.27878257632255556,"z":0.02943512611091137,"w":0.9546571969985962},"size":22.0,"orthographic":true}