{"cameraMode":{"drawMode":0,"name":"Shaded","section":"Shading Mode"},"sceneLighting":true,"audioPlay":false,"sceneViewState":{"showFog":true,"showMaterialUpdate":false,"showSkybox":true,"showFlares":true,"showImageEffects":true,"showParticleSystems":true},"in2DMode":false,"pivot":{"x":119.4518814086914,"y":-1.629264235496521,"z":-179.47930908203126},"rotation":{"x":0.011642889119684697,"y":0.2493717521429062,"z":0.002906638430431485,"w":-0.968379557132721},"size":22.0,"orthographic":true}