{"cameraMode":{"drawMode":0,"name":"Shaded","section":"Shading Mode"},"sceneLighting":true,"audioPlay":false,"sceneViewState":{"showFog":true,"showMaterialUpdate":false,"showSkybox":true,"showFlares":true,"showImageEffects":true,"showParticleSystems":true},"in2DMode":false,"pivot":{"x":-0.012914031744003296,"y":1.1728596687316895,"z":0.15480253100395204},"rotation":{"x":-0.21800753474235536,"y":0.567742109298706,"z":-0.15915200114250184,"w":-0.7776968479156494},"size":2.4139044284820558,"orthographic":false}